-- phpMyAdmin SQL Dump
-- version 3.3.7deb2build0.10.10.1
-- http://www.phpmyadmin.net
--
-- Host: localhost
-- Generation Time: Jan 13, 2011 at 06:24 PM
-- Server version: 5.1.49
-- PHP Version: 5.3.3-1ubuntu9.1

SET SQL_MODE="NO_AUTO_VALUE_ON_ZERO";


/*!40101 SET @OLD_CHARACTER_SET_CLIENT=@@CHARACTER_SET_CLIENT */;
/*!40101 SET @OLD_CHARACTER_SET_RESULTS=@@CHARACTER_SET_RESULTS */;
/*!40101 SET @OLD_COLLATION_CONNECTION=@@COLLATION_CONNECTION */;
/*!40101 SET NAMES utf8 */;

--
-- Database: `pool`
--

-- --------------------------------------------------------

--
-- Table structure for table `belongs_to`
--

CREATE TABLE IF NOT EXISTS `belongs_to` (
  `MID` int(5) unsigned zerofill NOT NULL AUTO_INCREMENT,
  `PID` int(5) NOT NULL,
  `POOL_COUNT` tinyint(1) NOT NULL,
  PRIMARY KEY (`MID`,`PID`,`POOL_COUNT`),
  KEY `PID` (`PID`)
) ENGINE=InnoDB  DEFAULT CHARSET=latin1 AUTO_INCREMENT=7 ;

--
-- Dumping data for table `belongs_to`
--

INSERT INTO `belongs_to` (`MID`, `PID`, `POOL_COUNT`) VALUES
(00001, 1, 1),
(00004, 4, 1),
(00005, 6, 1),
(00002, 7, 1),
(00003, 8, 1),
(00001, 9, 1),
(00002, 9, 2),
(00003, 11, 2),
(00004, 11, 1),
(00005, 11, 3),
(00001, 12, 1),
(00002, 13, 1),
(00004, 14, 1),
(00005, 15, 1),
(00003, 16, 1),
(00001, 33, 1),
(00002, 33, 2),
(00003, 35, 2),
(00004, 35, 1),
(00006, 37, 1),
(00005, 38, 1),
(00001, 40, 1),
(00002, 40, 2);

-- --------------------------------------------------------

--
-- Table structure for table `location`
--

CREATE TABLE IF NOT EXISTS `location` (
  `MID` int(5) unsigned zerofill NOT NULL AUTO_INCREMENT,
  `LATITUDE` double(9,6) NOT NULL,
  `LONGITUDE` double(9,6) NOT NULL,
  `DISTANCE` float(9,6) NOT NULL,
  `LOCALITY` varchar(20) DEFAULT NULL,
  `AREA` varchar(20) DEFAULT NULL,
  `ROUTELAT1` double(9,6) DEFAULT NULL,
  `ROUTELNG1` double(9,6) DEFAULT NULL,
  `ROUTELAT2` double(9,6) DEFAULT NULL,
  `ROUTELNG2` double(9,6) DEFAULT NULL,
  `ROUTELAT3` double(9,6) DEFAULT NULL,
  `ROUTELNG3` double(9,6) DEFAULT NULL,
  `ROUTELAT4` double(9,6) DEFAULT NULL,
  `ROUTELNG4` double(9,6) DEFAULT NULL,
  `ROUTELAT5` double(9,6) DEFAULT NULL,
  `ROUTELNG5` double(9,6) DEFAULT NULL,
  `ROUTELAT6` double(9,6) DEFAULT NULL,
  `ROUTELNG6` double(9,6) DEFAULT NULL,
  `ROUTELAT7` double(9,6) DEFAULT NULL,
  `ROUTELNG7` double(9,6) DEFAULT NULL,
  `ROUTELAT8` double(9,6) DEFAULT NULL,
  `ROUTELNG8` double(9,6) DEFAULT NULL,
  `ROUTELAT9` double(9,6) DEFAULT NULL,
  `ROUTELNG9` double(9,6) DEFAULT NULL,
  `ROUTELAT10` double(9,6) DEFAULT NULL,
  `ROUTELNG10` double(9,6) DEFAULT NULL,
  `ROUTELAT11` double(9,6) DEFAULT NULL,
  `ROUTELNG11` double(9,6) DEFAULT NULL,
  `ROUTELAT12` double(9,6) DEFAULT NULL,
  `ROUTELNG12` double(9,6) DEFAULT NULL,
  `ROUTELAT13` double(9,6) DEFAULT NULL,
  `ROUTELNG13` double(9,6) DEFAULT NULL,
  `ROUTELAT14` double(9,6) DEFAULT NULL,
  `ROUTELNG14` double(9,6) DEFAULT NULL,
  `ROUTELAT15` double(9,6) DEFAULT NULL,
  `ROUTELNG15` double(9,6) DEFAULT NULL,
  `ROUTELAT16` double(9,6) DEFAULT NULL,
  `ROUTELNG16` double(9,6) DEFAULT NULL,
  `ROUTELAT17` double(9,6) DEFAULT NULL,
  `ROUTELNG17` double(9,6) DEFAULT NULL,
  `ROUTELAT18` double(9,6) DEFAULT NULL,
  `ROUTELNG18` double(9,6) DEFAULT NULL,
  `ROUTELAT19` double(9,6) DEFAULT NULL,
  `ROUTELNG19` double(9,6) DEFAULT NULL,
  `ROUTELAT20` double(9,6) DEFAULT NULL,
  `ROUTELNG20` double(9,6) DEFAULT NULL,
  `ROUTELAT21` double(9,6) DEFAULT NULL,
  `ROUTELNG21` double(9,6) DEFAULT NULL,
  `ROUTELAT22` double(9,6) DEFAULT NULL,
  `ROUTELNG22` double(9,6) DEFAULT NULL,
  `ROUTELAT23` double(9,6) DEFAULT NULL,
  `ROUTELNG23` double(9,6) DEFAULT NULL,
  `ROUTELAT24` double(9,6) DEFAULT NULL,
  `ROUTELNG24` double(9,6) DEFAULT NULL,
  `ROUTELAT25` double(9,6) DEFAULT NULL,
  `ROUTELNG25` double(9,6) DEFAULT NULL,
  `ROUTELAT26` double(9,6) DEFAULT NULL,
  `ROUTELNG26` double(9,6) DEFAULT NULL,
  `ROUTELAT27` double(9,6) DEFAULT NULL,
  `ROUTELNG27` double(9,6) DEFAULT NULL,
  `ROUTELAT28` double(9,6) DEFAULT NULL,
  `ROUTELNG28` double(9,6) DEFAULT NULL,
  `ROUTELAT29` double(9,6) DEFAULT NULL,
  `ROUTELNG29` double(9,6) DEFAULT NULL,
  `ROUTELAT30` double(9,6) DEFAULT NULL,
  `ROUTELNG30` double(9,6) DEFAULT NULL,
  `ROUTELAT31` double(9,6) DEFAULT NULL,
  `ROUTELNG31` double(9,6) DEFAULT NULL,
  `ROUTELAT32` double(9,6) DEFAULT NULL,
  `ROUTELNG32` double(9,6) DEFAULT NULL,
  `ROUTELAT33` double(9,6) DEFAULT NULL,
  `ROUTELNG33` double(9,6) DEFAULT NULL,
  `ROUTELAT34` double(9,6) DEFAULT NULL,
  `ROUTELNG34` double(9,6) DEFAULT NULL,
  `ROUTELAT35` double(9,6) DEFAULT NULL,
  `ROUTELNG35` double(9,6) DEFAULT NULL,
  `ROUTELAT36` double(9,6) DEFAULT NULL,
  `ROUTELNG36` double(9,6) DEFAULT NULL,
  `ROUTELAT37` double(9,6) DEFAULT NULL,
  `ROUTELNG37` double(9,6) DEFAULT NULL,
  `ROUTELAT38` double(9,6) DEFAULT NULL,
  `ROUTELNG38` double(9,6) DEFAULT NULL,
  `ROUTELAT39` double(9,6) DEFAULT NULL,
  `ROUTELNG39` double(9,6) DEFAULT NULL,
  `ROUTELAT40` double(9,6) DEFAULT NULL,
  `ROUTELNG40` double(9,6) DEFAULT NULL,
  `ROUTELAT41` double(9,6) DEFAULT NULL,
  `ROUTELNG41` double(9,6) DEFAULT NULL,
  `ROUTELAT42` double(9,6) DEFAULT NULL,
  `ROUTELNG42` double(9,6) DEFAULT NULL,
  `ROUTELAT43` double(9,6) DEFAULT NULL,
  `ROUTELNG43` double(9,6) DEFAULT NULL,
  `ROUTELAT44` double(9,6) DEFAULT NULL,
  `ROUTELNG44` double(9,6) DEFAULT NULL,
  `ROUTELAT45` double(9,6) DEFAULT NULL,
  `ROUTELNG45` double(9,6) DEFAULT NULL,
  `ROUTELAT46` double(9,6) DEFAULT NULL,
  `ROUTELNG46` double(9,6) DEFAULT NULL,
  `ROUTELAT47` double(9,6) DEFAULT NULL,
  `ROUTELNG47` double(9,6) DEFAULT NULL,
  `ROUTELAT48` double(9,6) DEFAULT NULL,
  `ROUTELNG48` double(9,6) DEFAULT NULL,
  `ROUTELAT49` double(9,6) DEFAULT NULL,
  `ROUTELNG49` double(9,6) DEFAULT NULL,
  `ROUTELAT50` double(9,6) DEFAULT NULL,
  `ROUTELNG50` double(9,6) DEFAULT NULL,
  `ROUTELAT51` double(9,6) DEFAULT NULL,
  `ROUTELNG51` double(9,6) DEFAULT NULL,
  `ROUTELAT52` double(9,6) DEFAULT NULL,
  `ROUTELNG52` double(9,6) DEFAULT NULL,
  `ROUTELAT53` double(9,6) DEFAULT NULL,
  `ROUTELNG53` double(9,6) DEFAULT NULL,
  `ROUTELAT54` double(9,6) DEFAULT NULL,
  `ROUTELNG54` double(9,6) DEFAULT NULL,
  `ROUTELAT55` double(9,6) DEFAULT NULL,
  `ROUTELNG55` double(9,6) DEFAULT NULL,
  `ROUTELAT56` double(9,6) DEFAULT NULL,
  `ROUTELNG56` double(9,6) DEFAULT NULL,
  `ROUTELAT57` double(9,6) DEFAULT NULL,
  `ROUTELNG57` double(9,6) DEFAULT NULL,
  `ROUTELAT58` double(9,6) DEFAULT NULL,
  `ROUTELNG58` double(9,6) DEFAULT NULL,
  `ROUTELAT59` double(9,6) DEFAULT NULL,
  `ROUTELNG59` double(9,6) DEFAULT NULL,
  `ROUTELAT60` double(9,6) DEFAULT NULL,
  `ROUTELNG60` double(9,6) DEFAULT NULL,
  `ROUTELAT61` double(9,6) DEFAULT NULL,
  `ROUTELNG61` double(9,6) DEFAULT NULL,
  `ROUTELAT62` double(9,6) DEFAULT NULL,
  `ROUTELNG62` double(9,6) DEFAULT NULL,
  `ROUTELAT63` double(9,6) DEFAULT NULL,
  `ROUTELNG63` double(9,6) DEFAULT NULL,
  `ROUTELAT64` double(9,6) DEFAULT NULL,
  `ROUTELNG64` double(9,6) DEFAULT NULL,
  `ROUTELAT65` double(9,6) DEFAULT NULL,
  `ROUTELNG65` double(9,6) DEFAULT NULL,
  `ROUTELAT66` double(9,6) DEFAULT NULL,
  `ROUTELNG66` double(9,6) DEFAULT NULL,
  `ROUTELAT67` double(9,6) DEFAULT NULL,
  `ROUTELNG67` double(9,6) DEFAULT NULL,
  `ROUTELAT68` double(9,6) DEFAULT NULL,
  `ROUTELNG68` double(9,6) DEFAULT NULL,
  `ROUTELAT69` double(9,6) DEFAULT NULL,
  `ROUTELNG69` double(9,6) DEFAULT NULL,
  `ROUTELAT70` double(9,6) DEFAULT NULL,
  `ROUTELNG70` double(9,6) DEFAULT NULL,
  `ROUTELAT71` double(9,6) DEFAULT NULL,
  `ROUTELNG71` double(9,6) DEFAULT NULL,
  `ROUTELAT72` double(9,6) DEFAULT NULL,
  `ROUTELNG72` double(9,6) DEFAULT NULL,
  `ROUTELAT73` double(9,6) DEFAULT NULL,
  `ROUTELNG73` double(9,6) DEFAULT NULL,
  `ROUTELAT74` double(9,6) DEFAULT NULL,
  `ROUTELNG74` double(9,6) DEFAULT NULL,
  `ROUTELAT75` double(9,6) DEFAULT NULL,
  `ROUTELNG75` double(9,6) DEFAULT NULL,
  `ROUTELAT76` double(9,6) DEFAULT NULL,
  `ROUTELNG76` double(9,6) DEFAULT NULL,
  `ROUTELAT77` double(9,6) DEFAULT NULL,
  `ROUTELNG77` double(9,6) DEFAULT NULL,
  `ROUTELAT78` double(9,6) DEFAULT NULL,
  `ROUTELNG78` double(9,6) DEFAULT NULL,
  `ROUTELAT79` double(9,6) DEFAULT NULL,
  `ROUTELNG79` double(9,6) DEFAULT NULL,
  `ROUTELAT80` double(9,6) DEFAULT NULL,
  `ROUTELNG80` double(9,6) DEFAULT NULL,
  `ROUTELAT81` double(9,6) DEFAULT NULL,
  `ROUTELNG81` double(9,6) DEFAULT NULL,
  `ROUTELAT82` double(9,6) DEFAULT NULL,
  `ROUTELNG82` double(9,6) DEFAULT NULL,
  `ROUTELAT83` double(9,6) DEFAULT NULL,
  `ROUTELNG83` double(9,6) DEFAULT NULL,
  `ROUTELAT84` double(9,6) DEFAULT NULL,
  `ROUTELNG84` double(9,6) DEFAULT NULL,
  `ROUTELAT85` double(9,6) DEFAULT NULL,
  `ROUTELNG85` double(9,6) DEFAULT NULL,
  `ROUTELAT86` double(9,6) DEFAULT NULL,
  `ROUTELNG86` double(9,6) DEFAULT NULL,
  `ROUTELAT87` double(9,6) DEFAULT NULL,
  `ROUTELNG87` double(9,6) DEFAULT NULL,
  `ROUTELAT88` double(9,6) DEFAULT NULL,
  `ROUTELNG88` double(9,6) DEFAULT NULL,
  `ROUTELAT89` double(9,6) DEFAULT NULL,
  `ROUTELNG89` double(9,6) DEFAULT NULL,
  `ROUTELAT90` double(9,6) DEFAULT NULL,
  `ROUTELNG90` double(9,6) DEFAULT NULL,
  `ROUTELAT91` double(9,6) DEFAULT NULL,
  `ROUTELNG91` double(9,6) DEFAULT NULL,
  `ROUTELAT92` double(9,6) DEFAULT NULL,
  `ROUTELNG92` double(9,6) DEFAULT NULL,
  `ROUTELAT93` double(9,6) DEFAULT NULL,
  `ROUTELNG93` double(9,6) DEFAULT NULL,
  `ROUTELAT94` double(9,6) DEFAULT NULL,
  `ROUTELNG94` double(9,6) DEFAULT NULL,
  `ROUTELAT95` double(9,6) DEFAULT NULL,
  `ROUTELNG95` double(9,6) DEFAULT NULL,
  `ROUTELAT96` double(9,6) DEFAULT NULL,
  `ROUTELNG96` double(9,6) DEFAULT NULL,
  `ROUTELAT97` double(9,6) DEFAULT NULL,
  `ROUTELNG97` double(9,6) DEFAULT NULL,
  `ROUTELAT98` double(9,6) DEFAULT NULL,
  `ROUTELNG98` double(9,6) DEFAULT NULL,
  `ROUTELAT99` double(9,6) DEFAULT NULL,
  `ROUTELNG99` double(9,6) DEFAULT NULL,
  `ROUTELAT100` double(9,6) DEFAULT NULL,
  `ROUTELNG100` double(9,6) DEFAULT NULL,
  `ROUTELAT101` double(9,6) DEFAULT NULL,
  `ROUTELNG101` double(9,6) DEFAULT NULL,
  `ROUTELAT102` double(9,6) DEFAULT NULL,
  `ROUTELNG102` double(9,6) DEFAULT NULL,
  `ROUTELAT103` double(9,6) DEFAULT NULL,
  `ROUTELNG103` double(9,6) DEFAULT NULL,
  `ROUTELAT104` double(9,6) DEFAULT NULL,
  `ROUTELNG104` double(9,6) DEFAULT NULL,
  `ROUTELAT105` double(9,6) DEFAULT NULL,
  `ROUTELNG105` double(9,6) DEFAULT NULL,
  `ROUTELAT106` double(9,6) DEFAULT NULL,
  `ROUTELNG106` double(9,6) DEFAULT NULL,
  `ROUTELAT107` double(9,6) DEFAULT NULL,
  `ROUTELNG107` double(9,6) DEFAULT NULL,
  `ROUTELAT108` double(9,6) DEFAULT NULL,
  `ROUTELNG108` double(9,6) DEFAULT NULL,
  `ROUTELAT109` double(9,6) DEFAULT NULL,
  `ROUTELNG109` double(9,6) DEFAULT NULL,
  `ROUTELAT110` double(9,6) DEFAULT NULL,
  `ROUTELNG110` double(9,6) DEFAULT NULL,
  `ROUTELAT111` double(9,6) DEFAULT NULL,
  `ROUTELNG111` double(9,6) DEFAULT NULL,
  `ROUTELAT112` double(9,6) DEFAULT NULL,
  `ROUTELNG112` double(9,6) DEFAULT NULL,
  `ROUTELAT113` double(9,6) DEFAULT NULL,
  `ROUTELNG113` double(9,6) DEFAULT NULL,
  `ROUTELAT114` double(9,6) DEFAULT NULL,
  `ROUTELNG114` double(9,6) DEFAULT NULL,
  `ROUTELAT115` double(9,6) DEFAULT NULL,
  `ROUTELNG115` double(9,6) DEFAULT NULL,
  `ROUTELAT116` double(9,6) DEFAULT NULL,
  `ROUTELNG116` double(9,6) DEFAULT NULL,
  `ROUTELAT117` double(9,6) DEFAULT NULL,
  `ROUTELNG117` double(9,6) DEFAULT NULL,
  `ROUTELAT118` double(9,6) DEFAULT NULL,
  `ROUTELNG118` double(9,6) DEFAULT NULL,
  `ROUTELAT119` double(9,6) DEFAULT NULL,
  `ROUTELNG119` double(9,6) DEFAULT NULL,
  `ROUTELAT120` double(9,6) DEFAULT NULL,
  `ROUTELNG120` double(9,6) DEFAULT NULL,
  `ROUTELAT121` double(9,6) DEFAULT NULL,
  `ROUTELNG121` double(9,6) DEFAULT NULL,
  `ROUTELAT122` double(9,6) DEFAULT NULL,
  `ROUTELNG122` double(9,6) DEFAULT NULL,
  `ROUTELAT123` double(9,6) DEFAULT NULL,
  `ROUTELNG123` double(9,6) DEFAULT NULL,
  `ROUTELAT124` double(9,6) DEFAULT NULL,
  `ROUTELNG124` double(9,6) DEFAULT NULL,
  `ROUTELAT125` double(9,6) DEFAULT NULL,
  `ROUTELNG125` double(9,6) DEFAULT NULL,
  `ROUTELAT126` double(9,6) DEFAULT NULL,
  `ROUTELNG126` double(9,6) DEFAULT NULL,
  `ROUTELAT127` double(9,6) DEFAULT NULL,
  `ROUTELNG127` double(9,6) DEFAULT NULL,
  `ROUTELAT128` double(9,6) DEFAULT NULL,
  `ROUTELNG128` double(9,6) DEFAULT NULL,
  `ROUTELAT129` double(9,6) DEFAULT NULL,
  `ROUTELNG129` double(9,6) DEFAULT NULL,
  `ROUTELAT130` double(9,6) DEFAULT NULL,
  `ROUTELNG130` double(9,6) DEFAULT NULL,
  `ROUTELAT131` double(9,6) DEFAULT NULL,
  `ROUTELNG131` double(9,6) DEFAULT NULL,
  `ROUTELAT132` double(9,6) DEFAULT NULL,
  `ROUTELNG132` double(9,6) DEFAULT NULL,
  `ROUTELAT133` double(9,6) DEFAULT NULL,
  `ROUTELNG133` double(9,6) DEFAULT NULL,
  `ROUTELAT134` double(9,6) DEFAULT NULL,
  `ROUTELNG134` double(9,6) DEFAULT NULL,
  `ROUTELAT135` double(9,6) DEFAULT NULL,
  `ROUTELNG135` double(9,6) DEFAULT NULL,
  `ROUTELAT136` double(9,6) DEFAULT NULL,
  `ROUTELNG136` double(9,6) DEFAULT NULL,
  `ROUTELAT137` double(9,6) DEFAULT NULL,
  `ROUTELNG137` double(9,6) DEFAULT NULL,
  `ROUTELAT138` double(9,6) DEFAULT NULL,
  `ROUTELNG138` double(9,6) DEFAULT NULL,
  `ROUTELAT139` double(9,6) DEFAULT NULL,
  `ROUTELNG139` double(9,6) DEFAULT NULL,
  `ROUTELAT140` double(9,6) DEFAULT NULL,
  `ROUTELNG140` double(9,6) DEFAULT NULL,
  `ROUTELAT141` double(9,6) DEFAULT NULL,
  `ROUTELNG141` double(9,6) DEFAULT NULL,
  `ROUTELAT142` double(9,6) DEFAULT NULL,
  `ROUTELNG142` double(9,6) DEFAULT NULL,
  `ROUTELAT143` double(9,6) DEFAULT NULL,
  `ROUTELNG143` double(9,6) DEFAULT NULL,
  `ROUTELAT144` double(9,6) DEFAULT NULL,
  `ROUTELNG144` double(9,6) DEFAULT NULL,
  `ROUTELAT145` double(9,6) DEFAULT NULL,
  `ROUTELNG145` double(9,6) DEFAULT NULL,
  `ROUTELAT146` double(9,6) DEFAULT NULL,
  `ROUTELNG146` double(9,6) DEFAULT NULL,
  `ROUTELAT147` double(9,6) DEFAULT NULL,
  `ROUTELNG147` double(9,6) DEFAULT NULL,
  `ROUTELAT148` double(9,6) DEFAULT NULL,
  `ROUTELNG148` double(9,6) DEFAULT NULL,
  `ROUTELAT149` double(9,6) DEFAULT NULL,
  `ROUTELNG149` double(9,6) DEFAULT NULL,
  `ROUTELAT150` double(9,6) DEFAULT NULL,
  `ROUTELNG150` double(9,6) DEFAULT NULL,
  `ROUTELAT151` double(9,6) DEFAULT NULL,
  `ROUTELNG151` double(9,6) DEFAULT NULL,
  `ROUTELAT152` double(9,6) DEFAULT NULL,
  `ROUTELNG152` double(9,6) DEFAULT NULL,
  `ROUTELAT153` double(9,6) DEFAULT NULL,
  `ROUTELNG153` double(9,6) DEFAULT NULL,
  `ROUTELAT154` double(9,6) DEFAULT NULL,
  `ROUTELNG154` double(9,6) DEFAULT NULL,
  `ROUTELAT155` double(9,6) DEFAULT NULL,
  `ROUTELNG155` double(9,6) DEFAULT NULL,
  `ROUTELAT156` double(9,6) DEFAULT NULL,
  `ROUTELNG156` double(9,6) DEFAULT NULL,
  `ROUTELAT157` double(9,6) DEFAULT NULL,
  `ROUTELNG157` double(9,6) DEFAULT NULL,
  `ROUTELAT158` double(9,6) DEFAULT NULL,
  `ROUTELNG158` double(9,6) DEFAULT NULL,
  `ROUTELAT159` double(9,6) DEFAULT NULL,
  `ROUTELNG159` double(9,6) DEFAULT NULL,
  `ROUTELAT160` double(9,6) DEFAULT NULL,
  `ROUTELNG160` double(9,6) DEFAULT NULL,
  `ROUTELAT161` double(9,6) DEFAULT NULL,
  `ROUTELNG161` double(9,6) DEFAULT NULL,
  `ROUTELAT162` double(9,6) DEFAULT NULL,
  `ROUTELNG162` double(9,6) DEFAULT NULL,
  `ROUTELAT163` double(9,6) DEFAULT NULL,
  `ROUTELNG163` double(9,6) DEFAULT NULL,
  `ROUTELAT164` double(9,6) DEFAULT NULL,
  `ROUTELNG164` double(9,6) DEFAULT NULL,
  `ROUTELAT165` double(9,6) DEFAULT NULL,
  `ROUTELNG165` double(9,6) DEFAULT NULL,
  `ROUTELAT166` double(9,6) DEFAULT NULL,
  `ROUTELNG166` double(9,6) DEFAULT NULL,
  `ROUTELAT167` double(9,6) DEFAULT NULL,
  `ROUTELNG167` double(9,6) DEFAULT NULL,
  `ROUTELAT168` double(9,6) DEFAULT NULL,
  `ROUTELNG168` double(9,6) DEFAULT NULL,
  `ROUTELAT169` double(9,6) DEFAULT NULL,
  `ROUTELNG169` double(9,6) DEFAULT NULL,
  `ROUTELAT170` double(9,6) DEFAULT NULL,
  `ROUTELNG170` double(9,6) DEFAULT NULL,
  `ROUTELAT171` double(9,6) DEFAULT NULL,
  `ROUTELNG171` double(9,6) DEFAULT NULL,
  `ROUTELAT172` double(9,6) DEFAULT NULL,
  `ROUTELNG172` double(9,6) DEFAULT NULL,
  `ROUTELAT173` double(9,6) DEFAULT NULL,
  `ROUTELNG173` double(9,6) DEFAULT NULL,
  `ROUTELAT174` double(9,6) DEFAULT NULL,
  `ROUTELNG174` double(9,6) DEFAULT NULL,
  `ROUTELAT175` double(9,6) DEFAULT NULL,
  `ROUTELNG175` double(9,6) DEFAULT NULL,
  `ROUTELAT176` double(9,6) DEFAULT NULL,
  `ROUTELNG176` double(9,6) DEFAULT NULL,
  `ROUTELAT177` double(9,6) DEFAULT NULL,
  `ROUTELNG177` double(9,6) DEFAULT NULL,
  `ROUTELAT178` double(9,6) DEFAULT NULL,
  `ROUTELNG178` double(9,6) DEFAULT NULL,
  `ROUTELAT179` double(9,6) DEFAULT NULL,
  `ROUTELNG179` double(9,6) DEFAULT NULL,
  `ROUTELAT180` double(9,6) DEFAULT NULL,
  `ROUTELNG180` double(9,6) DEFAULT NULL,
  `ROUTELAT181` double(9,6) DEFAULT NULL,
  `ROUTELNG181` double(9,6) DEFAULT NULL,
  `ROUTELAT182` double(9,6) DEFAULT NULL,
  `ROUTELNG182` double(9,6) DEFAULT NULL,
  `ROUTELAT183` double(9,6) DEFAULT NULL,
  `ROUTELNG183` double(9,6) DEFAULT NULL,
  `ROUTELAT184` double(9,6) DEFAULT NULL,
  `ROUTELNG184` double(9,6) DEFAULT NULL,
  `ROUTELAT185` double(9,6) DEFAULT NULL,
  `ROUTELNG185` double(9,6) DEFAULT NULL,
  `ROUTELAT186` double(9,6) DEFAULT NULL,
  `ROUTELNG186` double(9,6) DEFAULT NULL,
  `ROUTELAT187` double(9,6) DEFAULT NULL,
  `ROUTELNG187` double(9,6) DEFAULT NULL,
  `ROUTELAT188` double(9,6) DEFAULT NULL,
  `ROUTELNG188` double(9,6) DEFAULT NULL,
  `ROUTELAT189` double(9,6) DEFAULT NULL,
  `ROUTELNG189` double(9,6) DEFAULT NULL,
  `ROUTELAT190` double(9,6) DEFAULT NULL,
  `ROUTELNG190` double(9,6) DEFAULT NULL,
  `ROUTELAT191` double(9,6) DEFAULT NULL,
  `ROUTELNG191` double(9,6) DEFAULT NULL,
  `ROUTELAT192` double(9,6) DEFAULT NULL,
  `ROUTELNG192` double(9,6) DEFAULT NULL,
  `ROUTELAT193` double(9,6) DEFAULT NULL,
  `ROUTELNG193` double(9,6) DEFAULT NULL,
  `ROUTELAT194` double(9,6) DEFAULT NULL,
  `ROUTELNG194` double(9,6) DEFAULT NULL,
  `ROUTELAT195` double(9,6) DEFAULT NULL,
  `ROUTELNG195` double(9,6) DEFAULT NULL,
  `ROUTELAT196` double(9,6) DEFAULT NULL,
  `ROUTELNG196` double(9,6) DEFAULT NULL,
  `ROUTELAT197` double(9,6) DEFAULT NULL,
  `ROUTELNG197` double(9,6) DEFAULT NULL,
  `ROUTELAT198` double(9,6) DEFAULT NULL,
  `ROUTELNG198` double(9,6) DEFAULT NULL,
  `ROUTELAT199` double(9,6) DEFAULT NULL,
  `ROUTELNG199` double(9,6) DEFAULT NULL,
  `ROUTELAT200` double(9,6) DEFAULT NULL,
  `ROUTELNG200` double(9,6) DEFAULT NULL,
  PRIMARY KEY (`MID`)
) ENGINE=InnoDB  DEFAULT CHARSET=latin1 AUTO_INCREMENT=9 ;

--
-- Dumping data for table `location`
--

INSERT INTO `location` (`MID`, `LATITUDE`, `LONGITUDE`, `DISTANCE`, `LOCALITY`, `AREA`, `ROUTELAT1`, `ROUTELNG1`, `ROUTELAT2`, `ROUTELNG2`, `ROUTELAT3`, `ROUTELNG3`, `ROUTELAT4`, `ROUTELNG4`, `ROUTELAT5`, `ROUTELNG5`, `ROUTELAT6`, `ROUTELNG6`, `ROUTELAT7`, `ROUTELNG7`, `ROUTELAT8`, `ROUTELNG8`, `ROUTELAT9`, `ROUTELNG9`, `ROUTELAT10`, `ROUTELNG10`, `ROUTELAT11`, `ROUTELNG11`, `ROUTELAT12`, `ROUTELNG12`, `ROUTELAT13`, `ROUTELNG13`, `ROUTELAT14`, `ROUTELNG14`, `ROUTELAT15`, `ROUTELNG15`, `ROUTELAT16`, `ROUTELNG16`, `ROUTELAT17`, `ROUTELNG17`, `ROUTELAT18`, `ROUTELNG18`, `ROUTELAT19`, `ROUTELNG19`, `ROUTELAT20`, `ROUTELNG20`, `ROUTELAT21`, `ROUTELNG21`, `ROUTELAT22`, `ROUTELNG22`, `ROUTELAT23`, `ROUTELNG23`, `ROUTELAT24`, `ROUTELNG24`, `ROUTELAT25`, `ROUTELNG25`, `ROUTELAT26`, `ROUTELNG26`, `ROUTELAT27`, `ROUTELNG27`, `ROUTELAT28`, `ROUTELNG28`, `ROUTELAT29`, `ROUTELNG29`, `ROUTELAT30`, `ROUTELNG30`, `ROUTELAT31`, `ROUTELNG31`, `ROUTELAT32`, `ROUTELNG32`, `ROUTELAT33`, `ROUTELNG33`, `ROUTELAT34`, `ROUTELNG34`, `ROUTELAT35`, `ROUTELNG35`, `ROUTELAT36`, `ROUTELNG36`, `ROUTELAT37`, `ROUTELNG37`, `ROUTELAT38`, `ROUTELNG38`, `ROUTELAT39`, `ROUTELNG39`, `ROUTELAT40`, `ROUTELNG40`, `ROUTELAT41`, `ROUTELNG41`, `ROUTELAT42`, `ROUTELNG42`, `ROUTELAT43`, `ROUTELNG43`, `ROUTELAT44`, `ROUTELNG44`, `ROUTELAT45`, `ROUTELNG45`, `ROUTELAT46`, `ROUTELNG46`, `ROUTELAT47`, `ROUTELNG47`, `ROUTELAT48`, `ROUTELNG48`, `ROUTELAT49`, `ROUTELNG49`, `ROUTELAT50`, `ROUTELNG50`, `ROUTELAT51`, `ROUTELNG51`, `ROUTELAT52`, `ROUTELNG52`, `ROUTELAT53`, `ROUTELNG53`, `ROUTELAT54`, `ROUTELNG54`, `ROUTELAT55`, `ROUTELNG55`, `ROUTELAT56`, `ROUTELNG56`, `ROUTELAT57`, `ROUTELNG57`, `ROUTELAT58`, `ROUTELNG58`, `ROUTELAT59`, `ROUTELNG59`, `ROUTELAT60`, `ROUTELNG60`, `ROUTELAT61`, `ROUTELNG61`, `ROUTELAT62`, `ROUTELNG62`, `ROUTELAT63`, `ROUTELNG63`, `ROUTELAT64`, `ROUTELNG64`, `ROUTELAT65`, `ROUTELNG65`, `ROUTELAT66`, `ROUTELNG66`, `ROUTELAT67`, `ROUTELNG67`, `ROUTELAT68`, `ROUTELNG68`, `ROUTELAT69`, `ROUTELNG69`, `ROUTELAT70`, `ROUTELNG70`, `ROUTELAT71`, `ROUTELNG71`, `ROUTELAT72`, `ROUTELNG72`, `ROUTELAT73`, `ROUTELNG73`, `ROUTELAT74`, `ROUTELNG74`, `ROUTELAT75`, `ROUTELNG75`, `ROUTELAT76`, `ROUTELNG76`, `ROUTELAT77`, `ROUTELNG77`, `ROUTELAT78`, `ROUTELNG78`, `ROUTELAT79`, `ROUTELNG79`, `ROUTELAT80`, `ROUTELNG80`, `ROUTELAT81`, `ROUTELNG81`, `ROUTELAT82`, `ROUTELNG82`, `ROUTELAT83`, `ROUTELNG83`, `ROUTELAT84`, `ROUTELNG84`, `ROUTELAT85`, `ROUTELNG85`, `ROUTELAT86`, `ROUTELNG86`, `ROUTELAT87`, `ROUTELNG87`, `ROUTELAT88`, `ROUTELNG88`, `ROUTELAT89`, `ROUTELNG89`, `ROUTELAT90`, `ROUTELNG90`, `ROUTELAT91`, `ROUTELNG91`, `ROUTELAT92`, `ROUTELNG92`, `ROUTELAT93`, `ROUTELNG93`, `ROUTELAT94`, `ROUTELNG94`, `ROUTELAT95`, `ROUTELNG95`, `ROUTELAT96`, `ROUTELNG96`, `ROUTELAT97`, `ROUTELNG97`, `ROUTELAT98`, `ROUTELNG98`, `ROUTELAT99`, `ROUTELNG99`, `ROUTELAT100`, `ROUTELNG100`, `ROUTELAT101`, `ROUTELNG101`, `ROUTELAT102`, `ROUTELNG102`, `ROUTELAT103`, `ROUTELNG103`, `ROUTELAT104`, `ROUTELNG104`, `ROUTELAT105`, `ROUTELNG105`, `ROUTELAT106`, `ROUTELNG106`, `ROUTELAT107`, `ROUTELNG107`, `ROUTELAT108`, `ROUTELNG108`, `ROUTELAT109`, `ROUTELNG109`, `ROUTELAT110`, `ROUTELNG110`, `ROUTELAT111`, `ROUTELNG111`, `ROUTELAT112`, `ROUTELNG112`, `ROUTELAT113`, `ROUTELNG113`, `ROUTELAT114`, `ROUTELNG114`, `ROUTELAT115`, `ROUTELNG115`, `ROUTELAT116`, `ROUTELNG116`, `ROUTELAT117`, `ROUTELNG117`, `ROUTELAT118`, `ROUTELNG118`, `ROUTELAT119`, `ROUTELNG119`, `ROUTELAT120`, `ROUTELNG120`, `ROUTELAT121`, `ROUTELNG121`, `ROUTELAT122`, `ROUTELNG122`, `ROUTELAT123`, `ROUTELNG123`, `ROUTELAT124`, `ROUTELNG124`, `ROUTELAT125`, `ROUTELNG125`, `ROUTELAT126`, `ROUTELNG126`, `ROUTELAT127`, `ROUTELNG127`, `ROUTELAT128`, `ROUTELNG128`, `ROUTELAT129`, `ROUTELNG129`, `ROUTELAT130`, `ROUTELNG130`, `ROUTELAT131`, `ROUTELNG131`, `ROUTELAT132`, `ROUTELNG132`, `ROUTELAT133`, `ROUTELNG133`, `ROUTELAT134`, `ROUTELNG134`, `ROUTELAT135`, `ROUTELNG135`, `ROUTELAT136`, `ROUTELNG136`, `ROUTELAT137`, `ROUTELNG137`, `ROUTELAT138`, `ROUTELNG138`, `ROUTELAT139`, `ROUTELNG139`, `ROUTELAT140`, `ROUTELNG140`, `ROUTELAT141`, `ROUTELNG141`, `ROUTELAT142`, `ROUTELNG142`, `ROUTELAT143`, `ROUTELNG143`, `ROUTELAT144`, `ROUTELNG144`, `ROUTELAT145`, `ROUTELNG145`, `ROUTELAT146`, `ROUTELNG146`, `ROUTELAT147`, `ROUTELNG147`, `ROUTELAT148`, `ROUTELNG148`, `ROUTELAT149`, `ROUTELNG149`, `ROUTELAT150`, `ROUTELNG150`, `ROUTELAT151`, `ROUTELNG151`, `ROUTELAT152`, `ROUTELNG152`, `ROUTELAT153`, `ROUTELNG153`, `ROUTELAT154`, `ROUTELNG154`, `ROUTELAT155`, `ROUTELNG155`, `ROUTELAT156`, `ROUTELNG156`, `ROUTELAT157`, `ROUTELNG157`, `ROUTELAT158`, `ROUTELNG158`, `ROUTELAT159`, `ROUTELNG159`, `ROUTELAT160`, `ROUTELNG160`, `ROUTELAT161`, `ROUTELNG161`, `ROUTELAT162`, `ROUTELNG162`, `ROUTELAT163`, `ROUTELNG163`, `ROUTELAT164`, `ROUTELNG164`, `ROUTELAT165`, `ROUTELNG165`, `ROUTELAT166`, `ROUTELNG166`, `ROUTELAT167`, `ROUTELNG167`, `ROUTELAT168`, `ROUTELNG168`, `ROUTELAT169`, `ROUTELNG169`, `ROUTELAT170`, `ROUTELNG170`, `ROUTELAT171`, `ROUTELNG171`, `ROUTELAT172`, `ROUTELNG172`, `ROUTELAT173`, `ROUTELNG173`, `ROUTELAT174`, `ROUTELNG174`, `ROUTELAT175`, `ROUTELNG175`, `ROUTELAT176`, `ROUTELNG176`, `ROUTELAT177`, `ROUTELNG177`, `ROUTELAT178`, `ROUTELNG178`, `ROUTELAT179`, `ROUTELNG179`, `ROUTELAT180`, `ROUTELNG180`, `ROUTELAT181`, `ROUTELNG181`, `ROUTELAT182`, `ROUTELNG182`, `ROUTELAT183`, `ROUTELNG183`, `ROUTELAT184`, `ROUTELNG184`, `ROUTELAT185`, `ROUTELNG185`, `ROUTELAT186`, `ROUTELNG186`, `ROUTELAT187`, `ROUTELNG187`, `ROUTELAT188`, `ROUTELNG188`, `ROUTELAT189`, `ROUTELNG189`, `ROUTELAT190`, `ROUTELNG190`, `ROUTELAT191`, `ROUTELNG191`, `ROUTELAT192`, `ROUTELNG192`, `ROUTELAT193`, `ROUTELNG193`, `ROUTELAT194`, `ROUTELNG194`, `ROUTELAT195`, `ROUTELNG195`, `ROUTELAT196`, `ROUTELNG196`, `ROUTELAT197`, `ROUTELNG197`, `ROUTELAT198`, `ROUTELNG198`, `ROUTELAT199`, `ROUTELNG199`, `ROUTELAT200`, `ROUTELNG200`) VALUES
(00001, 12.965130, 77.527990, 5.256000, 'Income Tax Layout', 'Chandra Layout', 12.965200, 77.529320, 12.963800, 77.529200, 12.962145, 77.530005, 12.960335, 77.531355, 12.955515, 77.535260, 12.957808, 77.534165, 12.958954, 77.533618, 12.957235, 77.534439, 12.954083, 77.535945, 12.955659, 77.535192, 12.953295, 77.536321, 12.950930, 77.537450, 12.948010, 77.532980, 12.949255, 77.535330, 12.949878, 77.536505, 12.948944, 77.534742, 12.947232, 77.531511, 12.948088, 77.533126, 12.946804, 77.530703, 12.942000, 77.530850, 12.943760, 77.529565, 12.944640, 77.528923, 12.943320, 77.529887, 12.940900, 77.531654, 12.942110, 77.530771, 12.940295, 77.532096, 12.936850, 77.533100, 12.937665, 77.533260, 12.936443, 77.533020, 12.935220, 77.532780, 12.935070, 77.534880, 0.000000, 0.000000, 0.000000, 0.000000, 0.000000, 0.000000, 0.000000, 0.000000, 0.000000, 0.000000, 0.000000, 0.000000, 0.000000, 0.000000, 0.000000, 0.000000, 0.000000, 0.000000, 0.000000, 0.000000, 0.000000, 0.000000, NULL, NULL, NULL, NULL, NULL, NULL, NULL, NULL, NULL, NULL, NULL, NULL, NULL, NULL, NULL, NULL, NULL, NULL, NULL, NULL, NULL, NULL, NULL, NULL, NULL, NULL, NULL, NULL, NULL, NULL, NULL, NULL, NULL, NULL, NULL, NULL, NULL, NULL, NULL, NULL, NULL, NULL, NULL, NULL, NULL, NULL, NULL, NULL, NULL, NULL, NULL, NULL, NULL, NULL, NULL, NULL, NULL, NULL, NULL, NULL, NULL, NULL, NULL, NULL, NULL, NULL, NULL, NULL, NULL, NULL, NULL, NULL, NULL, NULL, NULL, NULL, NULL, NULL, NULL, NULL, NULL, NULL, NULL, NULL, NULL, NULL, NULL, NULL, NULL, NULL, NULL, NULL, NULL, NULL, NULL, NULL, NULL, NULL, NULL, NULL, NULL, NULL, NULL, NULL, NULL, NULL, NULL, NULL, NULL, NULL, NULL, NULL, NULL, NULL, NULL, NULL, NULL, NULL, NULL, NULL, NULL, NULL, NULL, NULL, NULL, NULL, NULL, NULL, NULL, NULL, NULL, NULL, NULL, NULL, NULL, NULL, NULL, NULL, NULL, NULL, NULL, NULL, NULL, NULL, NULL, NULL, NULL, NULL, NULL, NULL, NULL, NULL, NULL, NULL, NULL, NULL, NULL, NULL, NULL, NULL, NULL, NULL, NULL, NULL, NULL, NULL, NULL, NULL, NULL, NULL, NULL, NULL, NULL, NULL, NULL, NULL, NULL, NULL, NULL, NULL, NULL, NULL, NULL, NULL, NULL, NULL, NULL, NULL, NULL, NULL, NULL, NULL, NULL, NULL, NULL, NULL, NULL, NULL, NULL, NULL, NULL, NULL, NULL, NULL, NULL, NULL, NULL, NULL, NULL, NULL, NULL, NULL, NULL, NULL, NULL, NULL, NULL, NULL, NULL, NULL, NULL, NULL, NULL, NULL, NULL, NULL, NULL, NULL, NULL, NULL, NULL, NULL, NULL, NULL, NULL, NULL, NULL, NULL, NULL, NULL, NULL, NULL, NULL, NULL, NULL, NULL, NULL, NULL, NULL, NULL, NULL, NULL, NULL, NULL, NULL, NULL, NULL, NULL, NULL, NULL, NULL, NULL, NULL, NULL, NULL, NULL, NULL, NULL, NULL, NULL, NULL, NULL, NULL, NULL, NULL, NULL, NULL, NULL, NULL, NULL, NULL, NULL, NULL, NULL, NULL, NULL, NULL, NULL, NULL, NULL, NULL, NULL, NULL, NULL, NULL, NULL, NULL, NULL, NULL, NULL, NULL, NULL, NULL, NULL, NULL, NULL, NULL, NULL, NULL, NULL, NULL, NULL, NULL, NULL, NULL, NULL),
(00002, 12.961240, 77.530510, 0.000000, 'Attiguppe', 'Chandra Layout', 12.960830, 77.530360, 12.960680, 77.531020, 12.960200, 77.530850, 12.960100, 77.533070, 12.950930, 77.537450, 12.950500, 77.537680, 12.945520, 77.528280, 12.938480, 77.533420, 12.935220, 77.532780, 12.935070, 77.534880, 0.000000, 0.000000, 0.000000, 0.000000, 0.000000, 0.000000, 0.000000, 0.000000, 0.000000, 0.000000, 0.000000, 0.000000, 0.000000, 0.000000, 0.000000, 0.000000, 0.000000, 0.000000, 0.000000, 0.000000, 0.000000, 0.000000, 0.000000, 0.000000, 0.000000, 0.000000, 0.000000, 0.000000, 0.000000, 0.000000, 0.000000, 0.000000, 0.000000, 0.000000, 0.000000, 0.000000, 0.000000, 0.000000, 0.000000, 0.000000, 0.000000, 0.000000, 0.000000, 0.000000, 0.000000, 0.000000, 0.000000, 0.000000, 0.000000, 0.000000, 0.000000, 0.000000, 0.000000, 0.000000, 0.000000, 0.000000, 0.000000, 0.000000, 0.000000, 0.000000, 0.000000, 0.000000, 0.000000, 0.000000, NULL, NULL, NULL, NULL, NULL, NULL, NULL, NULL, NULL, NULL, NULL, NULL, NULL, NULL, NULL, NULL, NULL, NULL, NULL, NULL, NULL, NULL, NULL, NULL, NULL, NULL, NULL, NULL, NULL, NULL, NULL, NULL, NULL, NULL, NULL, NULL, NULL, NULL, NULL, NULL, NULL, NULL, NULL, NULL, NULL, NULL, NULL, NULL, NULL, NULL, NULL, NULL, NULL, NULL, NULL, NULL, NULL, NULL, NULL, NULL, NULL, NULL, NULL, NULL, NULL, NULL, NULL, NULL, NULL, NULL, NULL, NULL, NULL, NULL, NULL, NULL, NULL, NULL, NULL, NULL, NULL, NULL, NULL, NULL, NULL, NULL, NULL, NULL, NULL, NULL, NULL, NULL, NULL, NULL, NULL, NULL, NULL, NULL, NULL, NULL, NULL, NULL, NULL, NULL, NULL, NULL, NULL, NULL, NULL, NULL, NULL, NULL, NULL, NULL, NULL, NULL, NULL, NULL, NULL, NULL, NULL, NULL, NULL, NULL, NULL, NULL, NULL, NULL, NULL, NULL, NULL, NULL, NULL, NULL, NULL, NULL, NULL, NULL, NULL, NULL, NULL, NULL, NULL, NULL, NULL, NULL, NULL, NULL, NULL, NULL, NULL, NULL, NULL, NULL, NULL, NULL, NULL, NULL, NULL, NULL, NULL, NULL, NULL, NULL, NULL, NULL, NULL, NULL, NULL, NULL, NULL, NULL, NULL, NULL, NULL, NULL, NULL, NULL, NULL, NULL, NULL, NULL, NULL, NULL, NULL, NULL, NULL, NULL, NULL, NULL, NULL, NULL, NULL, NULL, NULL, NULL, NULL, NULL, NULL, NULL, NULL, NULL, NULL, NULL, NULL, NULL, NULL, NULL, NULL, NULL, NULL, NULL, NULL, NULL, NULL, NULL, NULL, NULL, NULL, NULL, NULL, NULL, NULL, NULL, NULL, NULL, NULL, NULL, NULL, NULL, NULL, NULL, NULL, NULL, NULL, NULL, NULL, NULL, NULL, NULL, NULL, NULL, NULL, NULL, NULL, NULL, NULL, NULL, NULL, NULL, NULL, NULL, NULL, NULL, NULL, NULL, NULL, NULL, NULL, NULL, NULL, NULL, NULL, NULL, NULL, NULL, NULL, NULL, NULL, NULL, NULL, NULL, NULL, NULL, NULL, NULL, NULL, NULL, NULL, NULL, NULL, NULL, NULL, NULL, NULL, NULL, NULL, NULL, NULL, NULL, NULL, NULL, NULL, NULL, NULL, NULL, NULL, NULL, NULL, NULL, NULL, NULL, NULL, NULL, NULL, NULL, NULL, NULL, NULL, NULL, NULL, NULL, NULL, NULL, NULL, NULL),
(00003, 12.993660, 77.584770, 0.000000, 'Cauvery', 'High Grounds', 12.993670, 77.584300, 12.989550, 77.581500, 12.985350, 77.581320, 12.984380, 77.582260, 12.984380, 77.587910, 12.977920, 77.584360, 12.975940, 77.587020, 12.968220, 77.587310, 12.967820, 77.587630, 12.959810, 77.555910, 12.945520, 77.528280, 12.938480, 77.533420, 12.935220, 77.532780, 12.935070, 77.534880, 0.000000, 0.000000, 0.000000, 0.000000, 0.000000, 0.000000, 0.000000, 0.000000, 0.000000, 0.000000, 0.000000, 0.000000, 0.000000, 0.000000, 0.000000, 0.000000, 0.000000, 0.000000, 0.000000, 0.000000, 0.000000, 0.000000, 0.000000, 0.000000, 0.000000, 0.000000, 0.000000, 0.000000, 0.000000, 0.000000, 0.000000, 0.000000, 0.000000, 0.000000, 0.000000, 0.000000, 0.000000, 0.000000, 0.000000, 0.000000, 0.000000, 0.000000, 0.000000, 0.000000, 0.000000, 0.000000, 0.000000, 0.000000, 0.000000, 0.000000, 0.000000, 0.000000, 0.000000, 0.000000, 0.000000, 0.000000, NULL, NULL, NULL, NULL, NULL, NULL, NULL, NULL, NULL, NULL, NULL, NULL, NULL, NULL, NULL, NULL, NULL, NULL, NULL, NULL, NULL, NULL, NULL, NULL, NULL, NULL, NULL, NULL, NULL, NULL, NULL, NULL, NULL, NULL, NULL, NULL, NULL, NULL, NULL, NULL, NULL, NULL, NULL, NULL, NULL, NULL, NULL, NULL, NULL, NULL, NULL, NULL, NULL, NULL, NULL, NULL, NULL, NULL, NULL, NULL, NULL, NULL, NULL, NULL, NULL, NULL, NULL, NULL, NULL, NULL, NULL, NULL, NULL, NULL, NULL, NULL, NULL, NULL, NULL, NULL, NULL, NULL, NULL, NULL, NULL, NULL, NULL, NULL, NULL, NULL, NULL, NULL, NULL, NULL, NULL, NULL, NULL, NULL, NULL, NULL, NULL, NULL, NULL, NULL, NULL, NULL, NULL, NULL, NULL, NULL, NULL, NULL, NULL, NULL, NULL, NULL, NULL, NULL, NULL, NULL, NULL, NULL, NULL, NULL, NULL, NULL, NULL, NULL, NULL, NULL, NULL, NULL, NULL, NULL, NULL, NULL, NULL, NULL, NULL, NULL, NULL, NULL, NULL, NULL, NULL, NULL, NULL, NULL, NULL, NULL, NULL, NULL, NULL, NULL, NULL, NULL, NULL, NULL, NULL, NULL, NULL, NULL, NULL, NULL, NULL, NULL, NULL, NULL, NULL, NULL, NULL, NULL, NULL, NULL, NULL, NULL, NULL, NULL, NULL, NULL, NULL, NULL, NULL, NULL, NULL, NULL, NULL, NULL, NULL, NULL, NULL, NULL, NULL, NULL, NULL, NULL, NULL, NULL, NULL, NULL, NULL, NULL, NULL, NULL, NULL, NULL, NULL, NULL, NULL, NULL, NULL, NULL, NULL, NULL, NULL, NULL, NULL, NULL, NULL, NULL, NULL, NULL, NULL, NULL, NULL, NULL, NULL, NULL, NULL, NULL, NULL, NULL, NULL, NULL, NULL, NULL, NULL, NULL, NULL, NULL, NULL, NULL, NULL, NULL, NULL, NULL, NULL, NULL, NULL, NULL, NULL, NULL, NULL, NULL, NULL, NULL, NULL, NULL, NULL, NULL, NULL, NULL, NULL, NULL, NULL, NULL, NULL, NULL, NULL, NULL, NULL, NULL, NULL, NULL, NULL, NULL, NULL, NULL, NULL, NULL, NULL, NULL, NULL, NULL, NULL, NULL, NULL, NULL, NULL, NULL, NULL, NULL, NULL, NULL, NULL, NULL, NULL, NULL, NULL, NULL, NULL, NULL, NULL, NULL, NULL, NULL, NULL, NULL, NULL, NULL, NULL, NULL, NULL, NULL, NULL, NULL),
(00004, 12.989450, 77.585750, 0.000000, 'Golf Course', 'High Grounds', 12.990470, 77.585548, 12.992000, 77.585244, 12.991540, 77.583220, 12.992535, 77.584080, 12.991043, 77.582790, 12.987450, 77.581410, 12.988500, 77.581455, 12.986925, 77.581387, 12.985350, 77.581320, 12.984380, 77.585085, 12.984380, 77.583673, 12.984380, 77.585791, 12.981150, 77.586135, 12.982765, 77.587022, 12.983573, 77.587466, 12.982362, 77.586800, 12.980141, 77.585580, 12.981252, 77.586190, 12.979586, 77.585275, 12.976930, 77.585690, 12.972080, 77.587165, 12.974010, 77.587093, 12.974975, 77.587057, 12.973528, 77.587111, 12.970874, 77.587211, 12.972201, 77.587161, 12.970211, 77.587236, 12.968220, 77.587310, 12.963815, 77.571770, 12.965818, 77.579700, 12.966819, 77.583665, 12.967320, 77.585647, 12.967570, 77.586638, 12.967195, 77.585151, 12.966507, 77.582425, 12.966851, 77.583788, 12.966335, 77.581744, 12.965075, 77.576757, 12.965705, 77.579250, 12.966020, 77.580497, 12.965548, 77.578627, 12.964682, 77.575198, 12.965115, 77.576912, 12.964465, 77.574341, 12.962138, 77.565125, 12.963302, 77.569733, 12.963884, 77.572037, 12.964175, 77.573189, 12.963739, 77.571461, 12.962939, 77.568293, 12.963339, 77.569877, 12.962739, 77.567501, 12.961275, 77.561705, 12.962007, 77.564603, 12.962373, 77.566052, 12.961824, 77.563878, 12.960817, 77.559894, 12.961321, 77.561886, 12.960566, 77.558898, 12.952665, 77.542095, 12.956238, 77.549002, 12.958024, 77.552456, 12.958917, 77.554183, 12.959364, 77.555046, 12.958694, 77.553751, 12.957466, 77.551376, 12.958080, 77.552563, 12.957159, 77.550782, 12.954912, 77.546438, 12.956036, 77.548610, 12.956598, 77.549696, 12.955755, 77.548067, 12.954210, 77.545081, 12.954983, 77.546574, 12.953824, 77.544334, 12.949672, 77.536307, 12.951748, 77.540320, 12.952786, 77.542327, 12.953305, 77.543330, 12.952527, 77.541825, 12.951100, 77.539066, 12.951814, 77.540445, 12.950743, 77.538376, 12.948132, 77.533328, 12.949438, 77.535852, 12.950091, 77.537114, 12.949112, 77.535221, 12.947316, 77.531750, 12.948214, 77.533485, 12.946867, 77.530882, 12.942000, 77.530850, 12.943760, 77.529565, 12.944640, 77.528923, 12.943320, 77.529887, 12.940900, 77.531654, 12.942110, 77.530771, 12.940295, 77.532096, 12.936850, 77.533100, 12.937665, 77.533260, 12.936443, 77.533020, 12.935220, 77.532780, 12.935070, 77.534880, NULL, NULL, NULL, NULL, NULL, NULL, NULL, NULL, NULL, NULL, NULL, NULL, NULL, NULL, NULL, NULL, NULL, NULL, NULL, NULL, NULL, NULL, NULL, NULL, NULL, NULL, NULL, NULL, NULL, NULL, NULL, NULL, NULL, NULL, NULL, NULL, NULL, NULL, NULL, NULL, NULL, NULL, NULL, NULL, NULL, NULL, NULL, NULL, NULL, NULL, NULL, NULL, NULL, NULL, NULL, NULL, NULL, NULL, NULL, NULL, NULL, NULL, NULL, NULL, NULL, NULL, NULL, NULL, NULL, NULL, NULL, NULL, NULL, NULL, NULL, NULL, NULL, NULL, NULL, NULL, NULL, NULL, NULL, NULL, NULL, NULL, NULL, NULL, NULL, NULL, NULL, NULL, NULL, NULL, NULL, NULL, NULL, NULL, NULL, NULL, NULL, NULL, NULL, NULL, NULL, NULL, NULL, NULL, NULL, NULL, NULL, NULL, NULL, NULL, NULL, NULL, NULL, NULL, NULL, NULL, NULL, NULL, NULL, NULL, NULL, NULL, NULL, NULL, NULL, NULL, NULL, NULL, NULL, NULL, NULL, NULL, NULL, NULL, NULL, NULL, NULL, NULL, NULL, NULL, NULL, NULL, NULL, NULL, NULL, NULL, NULL, NULL, NULL, NULL, NULL, NULL, NULL, NULL, NULL, NULL, NULL, NULL, NULL, NULL, NULL, NULL, NULL, NULL, NULL, NULL, NULL, NULL, NULL, NULL, NULL, NULL, NULL, NULL, NULL, NULL, NULL, NULL, NULL, NULL, NULL, NULL, NULL, NULL, NULL, NULL, NULL, NULL, NULL, NULL, NULL, NULL),
(00005, 12.973970, 77.586500, 0.000000, 'Sankey Tank', 'Malleswaram', 12.968220, 77.587310, 12.967820, 77.587630, 12.959810, 77.555910, 12.945520, 77.528280, 12.938480, 77.533420, 12.935220, 77.532780, 12.935070, 77.534880, 0.000000, 0.000000, 0.000000, 0.000000, 0.000000, 0.000000, 0.000000, 0.000000, 0.000000, 0.000000, 0.000000, 0.000000, 0.000000, 0.000000, 0.000000, 0.000000, 0.000000, 0.000000, 0.000000, 0.000000, 0.000000, 0.000000, 0.000000, 0.000000, 0.000000, 0.000000, 0.000000, 0.000000, 0.000000, 0.000000, 0.000000, 0.000000, 0.000000, 0.000000, 0.000000, 0.000000, 0.000000, 0.000000, 0.000000, 0.000000, 0.000000, 0.000000, 0.000000, 0.000000, 0.000000, 0.000000, 0.000000, 0.000000, 0.000000, 0.000000, 0.000000, 0.000000, 0.000000, 0.000000, 0.000000, 0.000000, 0.000000, 0.000000, 0.000000, 0.000000, 0.000000, 0.000000, 0.000000, 0.000000, 0.000000, 0.000000, 0.000000, 0.000000, 0.000000, 0.000000, NULL, NULL, NULL, NULL, NULL, NULL, NULL, NULL, NULL, NULL, NULL, NULL, NULL, NULL, NULL, NULL, NULL, NULL, NULL, NULL, NULL, NULL, NULL, NULL, NULL, NULL, NULL, NULL, NULL, NULL, NULL, NULL, NULL, NULL, NULL, NULL, NULL, NULL, NULL, NULL, NULL, NULL, NULL, NULL, NULL, NULL, NULL, NULL, NULL, NULL, NULL, NULL, NULL, NULL, NULL, NULL, NULL, NULL, NULL, NULL, NULL, NULL, NULL, NULL, NULL, NULL, NULL, NULL, NULL, NULL, NULL, NULL, NULL, NULL, NULL, NULL, NULL, NULL, NULL, NULL, NULL, NULL, NULL, NULL, NULL, NULL, NULL, NULL, NULL, NULL, NULL, NULL, NULL, NULL, NULL, NULL, NULL, NULL, NULL, NULL, NULL, NULL, NULL, NULL, NULL, NULL, NULL, NULL, NULL, NULL, NULL, NULL, NULL, NULL, NULL, NULL, NULL, NULL, NULL, NULL, NULL, NULL, NULL, NULL, NULL, NULL, NULL, NULL, NULL, NULL, NULL, NULL, NULL, NULL, NULL, NULL, NULL, NULL, NULL, NULL, NULL, NULL, NULL, NULL, NULL, NULL, NULL, NULL, NULL, NULL, NULL, NULL, NULL, NULL, NULL, NULL, NULL, NULL, NULL, NULL, NULL, NULL, NULL, NULL, NULL, NULL, NULL, NULL, NULL, NULL, NULL, NULL, NULL, NULL, NULL, NULL, NULL, NULL, NULL, NULL, NULL, NULL, NULL, NULL, NULL, NULL, NULL, NULL, NULL, NULL, NULL, NULL, NULL, NULL, NULL, NULL, NULL, NULL, NULL, NULL, NULL, NULL, NULL, NULL, NULL, NULL, NULL, NULL, NULL, NULL, NULL, NULL, NULL, NULL, NULL, NULL, NULL, NULL, NULL, NULL, NULL, NULL, NULL, NULL, NULL, NULL, NULL, NULL, NULL, NULL, NULL, NULL, NULL, NULL, NULL, NULL, NULL, NULL, NULL, NULL, NULL, NULL, NULL, NULL, NULL, NULL, NULL, NULL, NULL, NULL, NULL, NULL, NULL, NULL, NULL, NULL, NULL, NULL, NULL, NULL, NULL, NULL, NULL, NULL, NULL, NULL, NULL, NULL, NULL, NULL, NULL, NULL, NULL, NULL, NULL, NULL, NULL, NULL, NULL, NULL, NULL, NULL, NULL, NULL, NULL, NULL, NULL, NULL, NULL, NULL, NULL, NULL, NULL, NULL, NULL, NULL, NULL, NULL, NULL, NULL, NULL, NULL, NULL, NULL, NULL, NULL, NULL, NULL, NULL, NULL, NULL, NULL, NULL, NULL, NULL, NULL),
(00006, 12.945350, 77.528060, 0.000000, 'Golf Course ', 'Malleswaram', 12.945380, 77.528020, 12.938480, 77.533420, 12.935220, 77.532780, 12.935070, 77.534880, 0.000000, 0.000000, 0.000000, 0.000000, 0.000000, 0.000000, 0.000000, 0.000000, 0.000000, 0.000000, 0.000000, 0.000000, 0.000000, 0.000000, 0.000000, 0.000000, 0.000000, 0.000000, 0.000000, 0.000000, 0.000000, 0.000000, 0.000000, 0.000000, 0.000000, 0.000000, 0.000000, 0.000000, 0.000000, 0.000000, 0.000000, 0.000000, 0.000000, 0.000000, 0.000000, 0.000000, 0.000000, 0.000000, 0.000000, 0.000000, 0.000000, 0.000000, 0.000000, 0.000000, 0.000000, 0.000000, 0.000000, 0.000000, 0.000000, 0.000000, 0.000000, 0.000000, 0.000000, 0.000000, 0.000000, 0.000000, 0.000000, 0.000000, 0.000000, 0.000000, 0.000000, 0.000000, 0.000000, 0.000000, 0.000000, 0.000000, 0.000000, 0.000000, 0.000000, 0.000000, 0.000000, 0.000000, 0.000000, 0.000000, 0.000000, 0.000000, NULL, NULL, NULL, NULL, NULL, NULL, NULL, NULL, NULL, NULL, NULL, NULL, NULL, NULL, NULL, NULL, NULL, NULL, NULL, NULL, NULL, NULL, NULL, NULL, NULL, NULL, NULL, NULL, NULL, NULL, NULL, NULL, NULL, NULL, NULL, NULL, NULL, NULL, NULL, NULL, NULL, NULL, NULL, NULL, NULL, NULL, NULL, NULL, NULL, NULL, NULL, NULL, NULL, NULL, NULL, NULL, NULL, NULL, NULL, NULL, NULL, NULL, NULL, NULL, NULL, NULL, NULL, NULL, NULL, NULL, NULL, NULL, NULL, NULL, NULL, NULL, NULL, NULL, NULL, NULL, NULL, NULL, NULL, NULL, NULL, NULL, NULL, NULL, NULL, NULL, NULL, NULL, NULL, NULL, NULL, NULL, NULL, NULL, NULL, NULL, NULL, NULL, NULL, NULL, NULL, NULL, NULL, NULL, NULL, NULL, NULL, NULL, NULL, NULL, NULL, NULL, NULL, NULL, NULL, NULL, NULL, NULL, NULL, NULL, NULL, NULL, NULL, NULL, NULL, NULL, NULL, NULL, NULL, NULL, NULL, NULL, NULL, NULL, NULL, NULL, NULL, NULL, NULL, NULL, NULL, NULL, NULL, NULL, NULL, NULL, NULL, NULL, NULL, NULL, NULL, NULL, NULL, NULL, NULL, NULL, NULL, NULL, NULL, NULL, NULL, NULL, NULL, NULL, NULL, NULL, NULL, NULL, NULL, NULL, NULL, NULL, NULL, NULL, NULL, NULL, NULL, NULL, NULL, NULL, NULL, NULL, NULL, NULL, NULL, NULL, NULL, NULL, NULL, NULL, NULL, NULL, NULL, NULL, NULL, NULL, NULL, NULL, NULL, NULL, NULL, NULL, NULL, NULL, NULL, NULL, NULL, NULL, NULL, NULL, NULL, NULL, NULL, NULL, NULL, NULL, NULL, NULL, NULL, NULL, NULL, NULL, NULL, NULL, NULL, NULL, NULL, NULL, NULL, NULL, NULL, NULL, NULL, NULL, NULL, NULL, NULL, NULL, NULL, NULL, NULL, NULL, NULL, NULL, NULL, NULL, NULL, NULL, NULL, NULL, NULL, NULL, NULL, NULL, NULL, NULL, NULL, NULL, NULL, NULL, NULL, NULL, NULL, NULL, NULL, NULL, NULL, NULL, NULL, NULL, NULL, NULL, NULL, NULL, NULL, NULL, NULL, NULL, NULL, NULL, NULL, NULL, NULL, NULL, NULL, NULL, NULL, NULL, NULL, NULL, NULL, NULL, NULL, NULL, NULL, NULL, NULL, NULL, NULL, NULL, NULL, NULL, NULL, NULL, NULL, NULL, NULL, NULL, NULL, NULL, NULL, NULL),
(00007, 12.921710, 77.590170, 0.000000, 'Subbaiah Gardens', 'attiguppe', 12.921720, 77.585960, 12.916950, 77.585870, 12.917660, 77.574270, 12.916860, 77.573620, 12.916940, 77.573440, 12.914210, 77.565820, 12.935370, 77.536290, 12.935070, 77.534880, 0.000000, 0.000000, 0.000000, 0.000000, 0.000000, 0.000000, 0.000000, 0.000000, 0.000000, 0.000000, 0.000000, 0.000000, 0.000000, 0.000000, 0.000000, 0.000000, 0.000000, 0.000000, 0.000000, 0.000000, 0.000000, 0.000000, 0.000000, 0.000000, 0.000000, 0.000000, 0.000000, 0.000000, 0.000000, 0.000000, 0.000000, 0.000000, 0.000000, 0.000000, 0.000000, 0.000000, 0.000000, 0.000000, 0.000000, 0.000000, 0.000000, 0.000000, 0.000000, 0.000000, 0.000000, 0.000000, 0.000000, 0.000000, 0.000000, 0.000000, 0.000000, 0.000000, 0.000000, 0.000000, 0.000000, 0.000000, 0.000000, 0.000000, 0.000000, 0.000000, 0.000000, 0.000000, 0.000000, 0.000000, 0.000000, 0.000000, 0.000000, 0.000000, NULL, NULL, NULL, NULL, NULL, NULL, NULL, NULL, NULL, NULL, NULL, NULL, NULL, NULL, NULL, NULL, NULL, NULL, NULL, NULL, NULL, NULL, NULL, NULL, NULL, NULL, NULL, NULL, NULL, NULL, NULL, NULL, NULL, NULL, NULL, NULL, NULL, NULL, NULL, NULL, NULL, NULL, NULL, NULL, NULL, NULL, NULL, NULL, NULL, NULL, NULL, NULL, NULL, NULL, NULL, NULL, NULL, NULL, NULL, NULL, NULL, NULL, NULL, NULL, NULL, NULL, NULL, NULL, NULL, NULL, NULL, NULL, NULL, NULL, NULL, NULL, NULL, NULL, NULL, NULL, NULL, NULL, NULL, NULL, NULL, NULL, NULL, NULL, NULL, NULL, NULL, NULL, NULL, NULL, NULL, NULL, NULL, NULL, NULL, NULL, NULL, NULL, NULL, NULL, NULL, NULL, NULL, NULL, NULL, NULL, NULL, NULL, NULL, NULL, NULL, NULL, NULL, NULL, NULL, NULL, NULL, NULL, NULL, NULL, NULL, NULL, NULL, NULL, NULL, NULL, NULL, NULL, NULL, NULL, NULL, NULL, NULL, NULL, NULL, NULL, NULL, NULL, NULL, NULL, NULL, NULL, NULL, NULL, NULL, NULL, NULL, NULL, NULL, NULL, NULL, NULL, NULL, NULL, NULL, NULL, NULL, NULL, NULL, NULL, NULL, NULL, NULL, NULL, NULL, NULL, NULL, NULL, NULL, NULL, NULL, NULL, NULL, NULL, NULL, NULL, NULL, NULL, NULL, NULL, NULL, NULL, NULL, NULL, NULL, NULL, NULL, NULL, NULL, NULL, NULL, NULL, NULL, NULL, NULL, NULL, NULL, NULL, NULL, NULL, NULL, NULL, NULL, NULL, NULL, NULL, NULL, NULL, NULL, NULL, NULL, NULL, NULL, NULL, NULL, NULL, NULL, NULL, NULL, NULL, NULL, NULL, NULL, NULL, NULL, NULL, NULL, NULL, NULL, NULL, NULL, NULL, NULL, NULL, NULL, NULL, NULL, NULL, NULL, NULL, NULL, NULL, NULL, NULL, NULL, NULL, NULL, NULL, NULL, NULL, NULL, NULL, NULL, NULL, NULL, NULL, NULL, NULL, NULL, NULL, NULL, NULL, NULL, NULL, NULL, NULL, NULL, NULL, NULL, NULL, NULL, NULL, NULL, NULL, NULL, NULL, NULL, NULL, NULL, NULL, NULL, NULL, NULL, NULL, NULL, NULL, NULL, NULL, NULL, NULL, NULL, NULL, NULL, NULL, NULL, NULL, NULL, NULL, NULL, NULL, NULL, NULL, NULL, NULL, NULL, NULL, NULL, NULL, NULL, NULL, NULL, NULL),
(00008, 12.966530, 77.525710, 0.000000, 'Anubhav Nagar', 'Mudulapalya', 12.966320, 77.526330, 12.965510, 77.526150, 12.965540, 77.526020, 12.963640, 77.525890, 12.963640, 77.527450, 12.961850, 77.528160, 12.960950, 77.527930, 12.960100, 77.533070, 12.950930, 77.537450, 12.950500, 77.537680, 12.945520, 77.528280, 12.938480, 77.533420, 12.935220, 77.532780, 12.935070, 77.534880, 0.000000, 0.000000, 0.000000, 0.000000, 0.000000, 0.000000, 0.000000, 0.000000, 0.000000, 0.000000, 0.000000, 0.000000, 0.000000, 0.000000, 0.000000, 0.000000, 0.000000, 0.000000, 0.000000, 0.000000, 0.000000, 0.000000, 0.000000, 0.000000, 0.000000, 0.000000, 0.000000, 0.000000, 0.000000, 0.000000, 0.000000, 0.000000, 0.000000, 0.000000, 0.000000, 0.000000, 0.000000, 0.000000, 0.000000, 0.000000, 0.000000, 0.000000, 0.000000, 0.000000, 0.000000, 0.000000, 0.000000, 0.000000, 0.000000, 0.000000, 0.000000, 0.000000, 0.000000, 0.000000, 0.000000, 0.000000, NULL, NULL, NULL, NULL, NULL, NULL, NULL, NULL, NULL, NULL, NULL, NULL, NULL, NULL, NULL, NULL, NULL, NULL, NULL, NULL, NULL, NULL, NULL, NULL, NULL, NULL, NULL, NULL, NULL, NULL, NULL, NULL, NULL, NULL, NULL, NULL, NULL, NULL, NULL, NULL, NULL, NULL, NULL, NULL, NULL, NULL, NULL, NULL, NULL, NULL, NULL, NULL, NULL, NULL, NULL, NULL, NULL, NULL, NULL, NULL, NULL, NULL, NULL, NULL, NULL, NULL, NULL, NULL, NULL, NULL, NULL, NULL, NULL, NULL, NULL, NULL, NULL, NULL, NULL, NULL, NULL, NULL, NULL, NULL, NULL, NULL, NULL, NULL, NULL, NULL, NULL, NULL, NULL, NULL, NULL, NULL, NULL, NULL, NULL, NULL, NULL, NULL, NULL, NULL, NULL, NULL, NULL, NULL, NULL, NULL, NULL, NULL, NULL, NULL, NULL, NULL, NULL, NULL, NULL, NULL, NULL, NULL, NULL, NULL, NULL, NULL, NULL, NULL, NULL, NULL, NULL, NULL, NULL, NULL, NULL, NULL, NULL, NULL, NULL, NULL, NULL, NULL, NULL, NULL, NULL, NULL, NULL, NULL, NULL, NULL, NULL, NULL, NULL, NULL, NULL, NULL, NULL, NULL, NULL, NULL, NULL, NULL, NULL, NULL, NULL, NULL, NULL, NULL, NULL, NULL, NULL, NULL, NULL, NULL, NULL, NULL, NULL, NULL, NULL, NULL, NULL, NULL, NULL, NULL, NULL, NULL, NULL, NULL, NULL, NULL, NULL, NULL, NULL, NULL, NULL, NULL, NULL, NULL, NULL, NULL, NULL, NULL, NULL, NULL, NULL, NULL, NULL, NULL, NULL, NULL, NULL, NULL, NULL, NULL, NULL, NULL, NULL, NULL, NULL, NULL, NULL, NULL, NULL, NULL, NULL, NULL, NULL, NULL, NULL, NULL, NULL, NULL, NULL, NULL, NULL, NULL, NULL, NULL, NULL, NULL, NULL, NULL, NULL, NULL, NULL, NULL, NULL, NULL, NULL, NULL, NULL, NULL, NULL, NULL, NULL, NULL, NULL, NULL, NULL, NULL, NULL, NULL, NULL, NULL, NULL, NULL, NULL, NULL, NULL, NULL, NULL, NULL, NULL, NULL, NULL, NULL, NULL, NULL, NULL, NULL, NULL, NULL, NULL, NULL, NULL, NULL, NULL, NULL, NULL, NULL, NULL, NULL, NULL, NULL, NULL, NULL, NULL, NULL, NULL, NULL, NULL, NULL, NULL, NULL, NULL, NULL, NULL, NULL, NULL, NULL, NULL, NULL, NULL, NULL, NULL, NULL);

-- --------------------------------------------------------

--
-- Table structure for table `member`
--

CREATE TABLE IF NOT EXISTS `member` (
  `MID` int(5) unsigned zerofill NOT NULL AUTO_INCREMENT,
  `NAME` varchar(25) NOT NULL,
  `SEX` varchar(1) NOT NULL,
  `EMAIL_ID` varchar(35) NOT NULL,
  `MOBILE_NO` bigint(10) unsigned NOT NULL,
  `PASSWORD` varchar(25) NOT NULL,
  PRIMARY KEY (`MID`)
) ENGINE=InnoDB  DEFAULT CHARSET=latin1 AUTO_INCREMENT=9 ;

--
-- Dumping data for table `member`
--

INSERT INTO `member` (`MID`, `NAME`, `SEX`, `EMAIL_ID`, `MOBILE_NO`, `PASSWORD`) VALUES
(00001, 'Sunil', 'M', 'sunil', 9916778133, 'sunil'),
(00002, 'Swaroop', 'M', 'swaroop', 9035206260, 'swaroop'),
(00003, 'Sankalp', 'M', 'sankalp', 9972206164, 'sankalp'),
(00004, 'Shashi', 'M', 'shashi', 9611781324, 'shashi'),
(00005, 'Rakshith', 'M', 'rakshith', 9876543210, 'rakshith'),
(00006, 'Srinidhi', 'M', 'srinidhi', 9889866666, 'srinidhi'),
(00007, 'eel', 'M', 'eel', 9999999999, 'eel'),
(00008, 'vinay', 'M', 'vinay', 9980741726, 'vinay');

-- --------------------------------------------------------

--
-- Table structure for table `pool`
--

CREATE TABLE IF NOT EXISTS `pool` (
  `PID` int(5) NOT NULL AUTO_INCREMENT,
  `DATE` date NOT NULL,
  `CAPACITY` int(1) NOT NULL,
  PRIMARY KEY (`PID`),
  KEY `PID` (`PID`)
) ENGINE=InnoDB  DEFAULT CHARSET=latin1 AUTO_INCREMENT=41 ;

--
-- Dumping data for table `pool`
--

INSERT INTO `pool` (`PID`, `DATE`, `CAPACITY`) VALUES
(1, '2010-12-31', 1),
(4, '2010-12-31', 3),
(6, '2010-12-31', -1),
(7, '2010-12-31', -1),
(8, '2010-12-31', -1),
(9, '2011-01-07', 0),
(11, '2011-01-07', 1),
(12, '2011-01-08', 1),
(13, '2011-01-08', -1),
(14, '2011-01-08', 3),
(15, '2011-01-08', -1),
(16, '2011-01-08', -1),
(33, '2011-01-09', 0),
(35, '2011-01-09', 2),
(37, '2011-01-09', -1),
(38, '2011-01-09', -1),
(40, '2011-01-12', 0);

-- --------------------------------------------------------

--
-- Table structure for table `vehicle`
--

CREATE TABLE IF NOT EXISTS `vehicle` (
  `REG_NO` varchar(16) NOT NULL,
  `MODEL` varchar(20) NOT NULL,
  `COLOUR` varchar(10) NOT NULL,
  `VEHICLE_TYPE` tinyint(3) unsigned NOT NULL,
  `MID` int(5) unsigned zerofill NOT NULL AUTO_INCREMENT,
  `CAPACITY` int(1) NOT NULL,
  PRIMARY KEY (`REG_NO`),
  KEY `MID` (`MID`)
) ENGINE=InnoDB  DEFAULT CHARSET=latin1 AUTO_INCREMENT=5 ;

--
-- Dumping data for table `vehicle`
--

INSERT INTO `vehicle` (`REG_NO`, `MODEL`, `COLOUR`, `VEHICLE_TYPE`, `MID`, `CAPACITY`) VALUES
('KA-02-P-9992', 'Swift', 'Blue', 4, 00004, 3),
('KA-02-P-9999', 'Dio', 'Black', 2, 00001, 1);

--
-- Constraints for dumped tables
--

--
-- Constraints for table `belongs_to`
--
ALTER TABLE `belongs_to`
  ADD CONSTRAINT `belongs_to_ibfk_1` FOREIGN KEY (`PID`) REFERENCES `pool` (`PID`) ON DELETE CASCADE,
  ADD CONSTRAINT `belongs_to_ibfk_2` FOREIGN KEY (`MID`) REFERENCES `member` (`MID`) ON DELETE CASCADE;

--
-- Constraints for table `location`
--
ALTER TABLE `location`
  ADD CONSTRAINT `location_ibfk_1` FOREIGN KEY (`MID`) REFERENCES `member` (`MID`) ON DELETE CASCADE;

--
-- Constraints for table `vehicle`
--
ALTER TABLE `vehicle`
  ADD CONSTRAINT `vehicle_ibfk_1` FOREIGN KEY (`MID`) REFERENCES `member` (`MID`) ON DELETE CASCADE;
